"","date","O3","NO2","WD","WS"
"1",2019-07-01 00:00:00,31,3,NA,NA
"2",2019-07-01 01:00:00,28,4,NA,NA
"3",2019-07-01 10:00:00,41,NA,NA,NA
"4",2019-07-01 11:00:00,45,NA,NA,NA
"5",2019-07-01 12:00:00,48,NA,NA,NA
"6",2019-07-01 13:00:00,51,NA,NA,NA
"7",2019-07-01 14:00:00,54,NA,NA,NA
"8",2019-07-01 15:00:00,56,NA,NA,NA
"9",2019-07-01 16:00:00,57,NA,NA,NA
"10",2019-07-01 17:00:00,59,NA,NA,NA
"11",2019-07-01 18:00:00,53,NA,NA,NA
"12",2019-07-01 19:00:00,50,NA,NA,NA
"13",2019-07-01 02:00:00,25,5,NA,NA
"14",2019-07-01 20:00:00,41,NA,NA,NA
"15",2019-07-01 21:00:00,31,NA,NA,NA
"16",2019-07-01 22:00:00,26,NA,NA,NA
"17",2019-07-01 23:00:00,17,NA,NA,NA
"18",2019-07-01 03:00:00,20,8,NA,NA
"19",2019-07-01 04:00:00,18,8,NA,NA
"20",2019-07-01 05:00:00,17,9,NA,NA
"21",2019-07-01 06:00:00,20,7,NA,NA
"22",2019-07-01 07:00:00,25,3,NA,NA
"23",2019-07-01 08:00:00,30,3,NA,NA
"24",2019-07-01 09:00:00,36,NA,NA,NA
"25",2019-07-10 00:00:00,31,NA,NA,NA
"26",2019-07-10 01:00:00,31,NA,NA,NA
"27",2019-07-10 10:00:00,54,NA,NA,NA
"28",2019-07-10 11:00:00,55,NA,NA,NA
"29",2019-07-10 12:00:00,55,NA,NA,NA
"30",2019-07-10 13:00:00,55,NA,NA,NA
"31",2019-07-10 14:00:00,53,NA,NA,NA
"32",2019-07-10 15:00:00,53,NA,NA,NA
"33",2019-07-10 16:00:00,55,NA,NA,NA
"34",2019-07-10 17:00:00,54,NA,NA,NA
"35",2019-07-10 18:00:00,50,NA,NA,NA
"36",2019-07-10 19:00:00,46,NA,NA,NA
"37",2019-07-10 02:00:00,29,NA,NA,NA
"38",2019-07-10 20:00:00,48,NA,NA,NA
"39",2019-07-10 21:00:00,46,NA,NA,NA
"40",2019-07-10 22:00:00,45,NA,NA,NA
"41",2019-07-10 23:00:00,43,NA,NA,NA
"42",2019-07-10 03:00:00,28,NA,NA,NA
"43",2019-07-10 04:00:00,22,NA,NA,NA
"44",2019-07-10 05:00:00,19,NA,NA,NA
"45",2019-07-10 06:00:00,22,NA,NA,NA
"46",2019-07-10 07:00:00,30,NA,NA,NA
"47",2019-07-10 08:00:00,33,NA,NA,NA
"48",2019-07-10 09:00:00,45,NA,NA,NA
"49",2019-07-11 00:00:00,39,NA,NA,NA
"50",2019-07-11 01:00:00,37,NA,NA,NA
"51",2019-07-11 10:00:00,38,NA,NA,NA
"52",2019-07-11 11:00:00,43,NA,NA,NA
"53",2019-07-11 12:00:00,45,NA,NA,NA
"54",2019-07-11 13:00:00,48,NA,NA,NA
"55",2019-07-11 14:00:00,46,NA,NA,NA
"56",2019-07-11 15:00:00,41,NA,NA,NA
"57",2019-07-11 16:00:00,37,NA,NA,NA
"58",2019-07-11 17:00:00,32,NA,NA,NA
"59",2019-07-11 18:00:00,32,NA,NA,NA
"60",2019-07-11 19:00:00,30,NA,NA,NA
"61",2019-07-11 02:00:00,33,NA,NA,NA
"62",2019-07-11 20:00:00,29,NA,NA,NA
"63",2019-07-11 21:00:00,31,NA,NA,NA
"64",2019-07-11 22:00:00,33,NA,NA,NA
"65",2019-07-11 23:00:00,28,NA,NA,NA
"66",2019-07-11 03:00:00,30,NA,NA,NA
"67",2019-07-11 04:00:00,25,NA,NA,NA
"68",2019-07-11 05:00:00,19,NA,NA,NA
"69",2019-07-11 06:00:00,19,NA,NA,NA
"70",2019-07-11 07:00:00,24,NA,NA,NA
"71",2019-07-11 08:00:00,30,NA,NA,NA
"72",2019-07-11 09:00:00,31,NA,NA,NA
"73",2019-07-12 00:00:00,30,NA,NA,NA
"74",2019-07-12 01:00:00,31,NA,NA,NA
"75",2019-07-12 10:00:00,56,NA,NA,NA
"76",2019-07-12 11:00:00,58,NA,NA,NA
"77",2019-07-12 12:00:00,59,NA,NA,NA
"78",2019-07-12 13:00:00,61,NA,NA,NA
"79",2019-07-12 14:00:00,59,NA,NA,NA
"80",2019-07-12 15:00:00,58,NA,NA,NA
"81",2019-07-12 16:00:00,58,NA,NA,NA
"82",2019-07-12 17:00:00,57,NA,NA,NA
"83",2019-07-12 18:00:00,55,NA,NA,NA
"84",2019-07-12 19:00:00,52,NA,NA,NA
"85",2019-07-12 02:00:00,30,NA,NA,NA
"86",2019-07-12 20:00:00,48,NA,NA,NA
"87",2019-07-12 21:00:00,41,NA,NA,NA
"88",2019-07-12 22:00:00,37,NA,NA,NA
"89",2019-07-12 23:00:00,42,NA,NA,NA
"90",2019-07-12 03:00:00,27,NA,NA,NA
"91",2019-07-12 04:00:00,23,NA,NA,NA
"92",2019-07-12 05:00:00,20,NA,NA,NA
"93",2019-07-12 06:00:00,21,NA,NA,NA
"94",2019-07-12 07:00:00,28,NA,NA,NA
"95",2019-07-12 08:00:00,38,NA,NA,NA
"96",2019-07-12 09:00:00,51,NA,NA,NA
"97",2019-07-13 00:00:00,44,NA,NA,NA
"98",2019-07-13 01:00:00,40,NA,NA,NA
"99",2019-07-13 10:00:00,59,NA,NA,NA
"100",2019-07-13 11:00:00,59,NA,NA,NA
"101",2019-07-13 12:00:00,63,NA,NA,NA
"102",2019-07-13 13:00:00,67,NA,NA,NA
"103",2019-07-13 14:00:00,72,NA,NA,NA
"104",2019-07-13 15:00:00,71,NA,NA,NA
"105",2019-07-13 16:00:00,66,NA,NA,NA
"106",2019-07-13 17:00:00,65,NA,NA,NA
"107",2019-07-13 18:00:00,65,NA,NA,NA
"108",2019-07-13 19:00:00,56,NA,NA,NA
"109",2019-07-13 02:00:00,36,NA,NA,NA
"110",2019-07-13 20:00:00,48,NA,NA,NA
"111",2019-07-13 21:00:00,42,NA,NA,NA
"112",2019-07-13 22:00:00,39,NA,NA,NA
"113",2019-07-13 23:00:00,36,NA,NA,NA
"114",2019-07-13 03:00:00,35,NA,NA,NA
"115",2019-07-13 04:00:00,36,NA,NA,NA
"116",2019-07-13 05:00:00,30,NA,NA,NA
"117",2019-07-13 06:00:00,32,NA,NA,NA
"118",2019-07-13 07:00:00,39,NA,NA,NA
"119",2019-07-13 08:00:00,47,NA,NA,NA
"120",2019-07-13 09:00:00,56,NA,NA,NA
"121",2019-07-14 00:00:00,33,NA,NA,NA
"122",2019-07-14 01:00:00,32,NA,NA,NA
"123",2019-07-14 10:00:00,60,NA,NA,NA
"124",2019-07-14 11:00:00,63,NA,NA,NA
"125",2019-07-14 12:00:00,60,NA,NA,NA
"126",2019-07-14 13:00:00,59,NA,NA,NA
"127",2019-07-14 14:00:00,57,NA,NA,NA
"128",2019-07-14 15:00:00,57,NA,NA,NA
"129",2019-07-14 16:00:00,57,NA,NA,NA
"130",2019-07-14 17:00:00,54,NA,NA,NA
"131",2019-07-14 18:00:00,52,NA,NA,NA
"132",2019-07-14 19:00:00,50,NA,NA,NA
"133",2019-07-14 02:00:00,34,NA,NA,NA
"134",2019-07-14 20:00:00,48,NA,NA,NA
"135",2019-07-14 21:00:00,44,NA,NA,NA
"136",2019-07-14 22:00:00,40,NA,NA,NA
"137",2019-07-14 23:00:00,38,NA,NA,NA
"138",2019-07-14 03:00:00,37,NA,NA,NA
"139",2019-07-14 04:00:00,40,NA,NA,NA
"140",2019-07-14 05:00:00,41,NA,NA,NA
"141",2019-07-14 06:00:00,44,NA,NA,NA
"142",2019-07-14 07:00:00,48,NA,NA,NA
"143",2019-07-14 08:00:00,53,NA,NA,NA
"144",2019-07-14 09:00:00,59,NA,NA,NA
"145",2019-07-15 00:00:00,37,NA,NA,NA
"146",2019-07-15 01:00:00,37,NA,NA,NA
"147",2019-07-15 10:00:00,78,NA,NA,NA
"148",2019-07-15 11:00:00,69,NA,NA,NA
"149",2019-07-15 12:00:00,64,NA,NA,NA
"150",2019-07-15 13:00:00,56,NA,NA,NA
"151",2019-07-15 14:00:00,56,NA,NA,NA
"152",2019-07-15 15:00:00,59,NA,NA,NA
"153",2019-07-15 16:00:00,63,NA,NA,NA
"154",2019-07-15 17:00:00,65,NA,NA,NA
"155",2019-07-15 18:00:00,58,NA,NA,NA
"156",2019-07-15 19:00:00,51,NA,NA,NA
"157",2019-07-15 02:00:00,32,NA,NA,NA
"158",2019-07-15 20:00:00,47,NA,NA,NA
"159",2019-07-15 21:00:00,38,NA,NA,NA
"160",2019-07-15 22:00:00,35,NA,NA,NA
"161",2019-07-15 23:00:00,29,NA,NA,NA
"162",2019-07-15 03:00:00,28,NA,NA,NA
"163",2019-07-15 04:00:00,28,NA,NA,NA
"164",2019-07-15 05:00:00,27,NA,NA,NA
"165",2019-07-15 06:00:00,27,NA,NA,NA
"166",2019-07-15 07:00:00,30,NA,NA,NA
"167",2019-07-15 08:00:00,36,NA,NA,NA
"168",2019-07-15 09:00:00,47,NA,NA,NA
"169",2019-07-16 00:00:00,27,NA,NA,NA
"170",2019-07-16 01:00:00,21,NA,NA,NA
"171",2019-07-16 10:00:00,70,NA,NA,NA
"172",2019-07-16 11:00:00,86,NA,NA,NA
"173",2019-07-16 12:00:00,90,NA,NA,NA
"174",2019-07-16 13:00:00,74,NA,NA,NA
"175",2019-07-16 14:00:00,73,NA,NA,NA
"176",2019-07-16 15:00:00,66,NA,NA,NA
"177",2019-07-16 16:00:00,59,NA,NA,NA
"178",2019-07-16 17:00:00,54,NA,NA,NA
"179",2019-07-16 18:00:00,49,NA,NA,NA
"180",2019-07-16 19:00:00,46,NA,NA,NA
"181",2019-07-16 02:00:00,18,NA,NA,NA
"182",2019-07-16 20:00:00,38,NA,NA,NA
"183",2019-07-16 21:00:00,42,NA,NA,NA
"184",2019-07-16 22:00:00,40,NA,NA,NA
"185",2019-07-16 23:00:00,38,NA,NA,NA
"186",2019-07-16 03:00:00,16,NA,NA,NA
"187",2019-07-16 04:00:00,18,NA,NA,NA
"188",2019-07-16 05:00:00,14,NA,NA,NA
"189",2019-07-16 06:00:00,21,NA,NA,NA
"190",2019-07-16 07:00:00,23,NA,NA,NA
"191",2019-07-16 08:00:00,34,NA,NA,NA
"192",2019-07-16 09:00:00,49,NA,NA,NA
"193",2019-07-17 00:00:00,33,NA,NA,NA
"194",2019-07-17 01:00:00,33,NA,NA,NA
"195",2019-07-17 10:00:00,56,NA,NA,NA
"196",2019-07-17 11:00:00,48,NA,NA,NA
"197",2019-07-17 12:00:00,61,NA,NA,NA
"198",2019-07-17 13:00:00,49,NA,NA,NA
"199",2019-07-17 14:00:00,49,NA,NA,NA
"200",2019-07-17 15:00:00,44,NA,NA,NA
"201",2019-07-17 16:00:00,35,NA,NA,NA
"202",2019-07-17 17:00:00,27,NA,NA,NA
"203",2019-07-17 18:00:00,18,NA,NA,NA
"204",2019-07-17 19:00:00,21,NA,NA,NA
"205",2019-07-17 02:00:00,30,NA,NA,NA
"206",2019-07-17 20:00:00,17,NA,NA,NA
"207",2019-07-17 21:00:00,14,NA,NA,NA
"208",2019-07-17 22:00:00,10,NA,NA,NA
"209",2019-07-17 23:00:00,11,NA,NA,NA
"210",2019-07-17 03:00:00,30,NA,NA,NA
"211",2019-07-17 04:00:00,28,NA,NA,NA
"212",2019-07-17 05:00:00,24,NA,NA,NA
"213",2019-07-17 06:00:00,20,NA,NA,NA
"214",2019-07-17 07:00:00,28,NA,NA,NA
"215",2019-07-17 08:00:00,40,NA,NA,NA
"216",2019-07-17 09:00:00,52,NA,NA,NA
"217",2019-07-18 00:00:00,9,NA,NA,NA
"218",2019-07-18 10:00:00,38,NA,NA,NA
"219",2019-07-18 11:00:00,43,NA,NA,NA
"220",2019-07-18 12:00:00,44,NA,NA,NA
"221",2019-07-18 13:00:00,43,NA,NA,NA
"222",2019-07-18 14:00:00,42,NA,NA,NA
"223",2019-07-18 15:00:00,43,NA,NA,NA
"224",2019-07-18 16:00:00,46,NA,NA,NA
"225",2019-07-18 17:00:00,47,NA,NA,NA
"226",2019-07-18 18:00:00,48,NA,NA,NA
"227",2019-07-18 19:00:00,45,NA,NA,NA
"228",2019-07-18 20:00:00,41,NA,NA,NA
"229",2019-07-18 21:00:00,33,NA,NA,NA
"230",2019-07-18 22:00:00,25,NA,NA,NA
"231",2019-07-18 23:00:00,15,NA,NA,NA
"232",2019-07-18 07:00:00,16,NA,NA,NA
"233",2019-07-18 08:00:00,29,NA,NA,NA
"234",2019-07-18 09:00:00,35,NA,NA,NA
"235",2019-07-19 00:00:00,20,NA,NA,NA
"236",2019-07-19 01:00:00,23,NA,NA,NA
"237",2019-07-19 10:00:00,45,NA,NA,NA
"238",2019-07-19 11:00:00,47,NA,NA,NA
"239",2019-07-19 12:00:00,50,NA,NA,NA
"240",2019-07-19 13:00:00,54,NA,NA,NA
"241",2019-07-19 14:00:00,67,NA,NA,NA
"242",2019-07-19 15:00:00,58,NA,NA,NA
"243",2019-07-19 16:00:00,50,NA,NA,NA
"244",2019-07-19 17:00:00,50,NA,NA,NA
"245",2019-07-19 18:00:00,46,NA,NA,NA
"246",2019-07-19 19:00:00,41,NA,NA,NA
"247",2019-07-19 02:00:00,20,NA,NA,NA
"248",2019-07-19 20:00:00,36,NA,NA,NA
"249",2019-07-19 21:00:00,34,NA,NA,NA
"250",2019-07-19 22:00:00,29,NA,NA,NA
"251",2019-07-19 23:00:00,25,NA,NA,NA
"252",2019-07-19 03:00:00,21,NA,NA,NA
"253",2019-07-19 04:00:00,20,NA,NA,NA
"254",2019-07-19 05:00:00,22,NA,NA,NA
"255",2019-07-19 06:00:00,26,NA,NA,NA
"256",2019-07-19 07:00:00,32,NA,NA,NA
"257",2019-07-19 08:00:00,39,NA,NA,NA
"258",2019-07-19 09:00:00,44,NA,NA,NA
"259",2019-07-02 00:00:00,18,NA,NA,NA
"260",2019-07-02 01:00:00,16,NA,NA,NA
"261",2019-07-02 10:00:00,66,NA,NA,NA
"262",2019-07-02 11:00:00,71,NA,NA,NA
"263",2019-07-02 12:00:00,68,NA,NA,NA
"264",2019-07-02 13:00:00,69,NA,NA,NA
"265",2019-07-02 14:00:00,68,NA,NA,NA
"266",2019-07-02 15:00:00,66,NA,NA,NA
"267",2019-07-02 16:00:00,56,NA,NA,NA
"268",2019-07-02 17:00:00,46,NA,NA,NA
"269",2019-07-02 18:00:00,44,NA,NA,NA
"270",2019-07-02 19:00:00,49,NA,NA,NA
"271",2019-07-02 02:00:00,22,NA,NA,NA
"272",2019-07-02 20:00:00,36,NA,NA,NA
"273",2019-07-02 21:00:00,27,NA,NA,NA
"274",2019-07-02 22:00:00,24,NA,NA,NA
"275",2019-07-02 23:00:00,27,NA,NA,NA
"276",2019-07-02 03:00:00,22,NA,NA,NA
"277",2019-07-02 04:00:00,18,NA,NA,NA
"278",2019-07-02 05:00:00,18,NA,NA,NA
"279",2019-07-02 06:00:00,20,NA,NA,NA
"280",2019-07-02 07:00:00,27,NA,NA,NA
"281",2019-07-02 08:00:00,47,NA,NA,NA
"282",2019-07-02 09:00:00,58,NA,NA,NA
"283",2019-07-20 00:00:00,22,NA,NA,NA
"284",2019-07-20 01:00:00,25,NA,NA,NA
"285",2019-07-20 10:00:00,46,NA,NA,NA
"286",2019-07-20 11:00:00,50,NA,NA,NA
"287",2019-07-20 12:00:00,51,NA,NA,NA
"288",2019-07-20 13:00:00,57,NA,NA,NA
"289",2019-07-20 14:00:00,56,NA,NA,NA
"290",2019-07-20 15:00:00,52,NA,NA,NA
"291",2019-07-20 02:00:00,27,NA,NA,NA
"292",2019-07-20 03:00:00,27,NA,NA,NA
"293",2019-07-20 04:00:00,26,NA,NA,NA
"294",2019-07-20 05:00:00,25,NA,NA,NA
"295",2019-07-20 06:00:00,28,NA,NA,NA
"296",2019-07-20 07:00:00,34,NA,NA,NA
"297",2019-07-20 08:00:00,40,NA,NA,NA
"298",2019-07-20 09:00:00,42,NA,NA,NA
"299",2019-07-22 10:00:00,63,NA,NA,NA
"300",2019-07-22 11:00:00,73,NA,NA,NA
"301",2019-07-22 12:00:00,58,NA,NA,NA
"302",2019-07-22 13:00:00,47,NA,NA,NA
"303",2019-07-22 14:00:00,42,NA,NA,NA
"304",2019-07-22 15:00:00,40,NA,NA,NA
"305",2019-07-22 16:00:00,39,NA,NA,NA
"306",2019-07-22 17:00:00,38,NA,NA,NA
"307",2019-07-22 18:00:00,36,NA,NA,NA
"308",2019-07-22 19:00:00,36,NA,NA,NA
"309",2019-07-22 20:00:00,42,NA,NA,NA
"310",2019-07-22 21:00:00,43,NA,NA,NA
"311",2019-07-22 22:00:00,38,NA,NA,NA
"312",2019-07-22 23:00:00,34,NA,NA,NA
"313",2019-07-22 07:00:00,261,NA,NA,NA
"314",2019-07-22 08:00:00,36,NA,NA,NA
"315",2019-07-22 09:00:00,50,NA,NA,NA
"316",2019-07-23 00:00:00,32,NA,NA,NA
"317",2019-07-23 01:00:00,27,NA,NA,NA
"318",2019-07-23 10:00:00,23,NA,NA,NA
"319",2019-07-23 11:00:00,28,NA,NA,NA
"320",2019-07-23 12:00:00,30,NA,NA,NA
"321",2019-07-23 13:00:00,35,NA,NA,NA
"322",2019-07-23 14:00:00,35,NA,NA,NA
"323",2019-07-23 15:00:00,36,NA,NA,NA
"324",2019-07-23 16:00:00,36,NA,NA,NA
"325",2019-07-23 17:00:00,35,NA,NA,NA
"326",2019-07-23 18:00:00,34,NA,NA,NA
"327",2019-07-23 19:00:00,32,NA,NA,NA
"328",2019-07-23 02:00:00,27,NA,NA,NA
"329",2019-07-23 20:00:00,25,NA,NA,NA
"330",2019-07-23 21:00:00,23,NA,NA,NA
"331",2019-07-23 22:00:00,23,NA,NA,NA
"332",2019-07-23 23:00:00,24,NA,NA,NA
"333",2019-07-23 03:00:00,26,NA,NA,NA
"334",2019-07-23 04:00:00,23,NA,NA,NA
"335",2019-07-23 05:00:00,23,NA,NA,NA
"336",2019-07-23 06:00:00,21,NA,NA,NA
"337",2019-07-23 07:00:00,19,NA,NA,NA
"338",2019-07-23 08:00:00,17,NA,NA,NA
"339",2019-07-23 09:00:00,19,NA,NA,NA
"340",2019-07-24 00:00:00,24,NA,NA,NA
"341",2019-07-24 01:00:00,24,NA,NA,NA
"342",2019-07-24 10:00:00,43,NA,NA,NA
"343",2019-07-24 11:00:00,44,NA,NA,NA
"344",2019-07-24 12:00:00,46,NA,NA,NA
"345",2019-07-24 13:00:00,45,NA,NA,NA
"346",2019-07-24 14:00:00,46,NA,NA,NA
"347",2019-07-24 15:00:00,47,NA,NA,NA
"348",2019-07-24 16:00:00,47,NA,NA,NA
"349",2019-07-24 17:00:00,50,NA,NA,NA
"350",2019-07-24 18:00:00,46,NA,NA,NA
"351",2019-07-24 19:00:00,42,NA,NA,NA
"352",2019-07-24 02:00:00,24,NA,NA,NA
"353",2019-07-24 20:00:00,39,NA,NA,NA
"354",2019-07-24 21:00:00,36,NA,NA,NA
"355",2019-07-24 22:00:00,33,NA,NA,NA
"356",2019-07-24 23:00:00,33,NA,NA,NA
"357",2019-07-24 03:00:00,20,NA,NA,NA
"358",2019-07-24 04:00:00,18,NA,NA,NA
"359",2019-07-24 05:00:00,16,NA,NA,NA
"360",2019-07-24 06:00:00,17,NA,NA,NA
"361",2019-07-24 07:00:00,25,NA,NA,NA
"362",2019-07-24 08:00:00,32,NA,NA,NA
"363",2019-07-24 09:00:00,38,NA,NA,NA
"364",2019-07-25 00:00:00,31,NA,290.2,3
"365",2019-07-25 01:00:00,31,NA,305.6,3.8
"366",2019-07-25 10:00:00,47,NA,324.7,2.2
"367",2019-07-25 11:00:00,49,NA,0,NA
"368",2019-07-25 12:00:00,48,NA,0,NA
"369",2019-07-25 13:00:00,50,NA,16.8,2.6
"370",2019-07-25 14:00:00,51,NA,341.1,2.6
"371",2019-07-25 15:00:00,49,NA,42.9,2.2
"372",2019-07-25 16:00:00,51,NA,61.1,1.7
"373",2019-07-25 17:00:00,56,NA,72.5,2.1
"374",2019-07-25 18:00:00,55,NA,96.3,1.5
"375",2019-07-25 19:00:00,51,NA,111.6,1.5
"376",2019-07-25 02:00:00,31,NA,312.8,2.6
"377",2019-07-25 20:00:00,41,NA,72.1,0.8
"378",2019-07-25 21:00:00,21,NA,9.6,0.7
"379",2019-07-25 22:00:00,14,NA,359,0.8
"380",2019-07-25 23:00:00,5,NA,345.4,0.8
"381",2019-07-25 03:00:00,30,NA,292.1,2
"382",2019-07-25 04:00:00,26,NA,299.9,2.1
"383",2019-07-25 05:00:00,23,NA,301.7,2.8
"384",2019-07-25 06:00:00,20,NA,324.5,2.7
"385",2019-07-25 07:00:00,23,NA,320.5,2.1
"386",2019-07-25 08:00:00,32,NA,347.2,2.1
"387",2019-07-25 09:00:00,39,NA,354.4,1.6
"388",2019-07-26 00:00:00,12,NA,357.2,0.8
"389",2019-07-26 01:00:00,7,NA,34.2,0.6
"390",2019-07-26 10:00:00,61,NA,8.6,1.8
"391",2019-07-26 11:00:00,63,NA,7.1,2
"392",2019-07-26 12:00:00,61,NA,59.8,2.1
"393",2019-07-26 13:00:00,68,NA,116.4,2.5
"394",2019-07-26 14:00:00,71,NA,108.7,1.8
"395",2019-07-26 15:00:00,66,NA,115.1,1.7
"396",2019-07-26 16:00:00,57,NA,99.4,2.2
"397",2019-07-26 17:00:00,53,NA,110.4,2.6
"398",2019-07-26 18:00:00,53,NA,122.3,2.5
"399",2019-07-26 19:00:00,51,NA,139.6,1.9
"400",2019-07-26 02:00:00,4,NA,326.6,1.1
"401",2019-07-26 20:00:00,45,NA,149.7,1.3
"402",2019-07-26 21:00:00,39,NA,166,1.1
"403",2019-07-26 22:00:00,33,NA,158.5,1.2
"404",2019-07-26 23:00:00,44,NA,174.5,1.8
"405",2019-07-26 03:00:00,5,NA,322.6,1.5
"406",2019-07-26 04:00:00,14,NA,316.3,2.1
"407",2019-07-26 05:00:00,13,NA,317.5,1.5
"408",2019-07-26 06:00:00,11,NA,358.7,0.3
"409",2019-07-26 07:00:00,17,NA,345.9,0.4
"410",2019-07-26 08:00:00,45,NA,13.9,1.3
"411",2019-07-26 09:00:00,55,NA,43.3,2
"412",2019-07-27 00:00:00,38,NA,189.6,1.8
"413",2019-07-27 01:00:00,36,NA,203.6,1.3
"414",2019-07-27 10:00:00,60,NA,150,2.7
"415",2019-07-27 11:00:00,60,NA,158,2.7
"416",2019-07-27 12:00:00,62,NA,178.4,2.6
"417",2019-07-27 13:00:00,64,NA,4.4,2.3
"418",2019-07-27 15:00:00,305,NA,168.8,2.7
"419",2019-07-27 16:00:00,63,NA,170.6,2.8
"420",2019-07-27 17:00:00,59,NA,177.3,3.2
"421",2019-07-27 18:00:00,54,NA,177.6,3.7
"422",2019-07-27 19:00:00,53,NA,182.1,3.3
"423",2019-07-27 02:00:00,30,NA,229.8,0.9
"424",2019-07-27 20:00:00,54,NA,178.7,3.1
"425",2019-07-27 21:00:00,52,NA,180.3,3
"426",2019-07-27 22:00:00,50,NA,188.5,3.3
"427",2019-07-27 23:00:00,49,NA,186.3,3.5
"428",2019-07-27 03:00:00,33,NA,268.5,1.3
"429",2019-07-27 04:00:00,33,NA,224.6,0.6
"430",2019-07-27 05:00:00,25,NA,213.5,0.4
"431",2019-07-27 06:00:00,28,NA,197.1,0.8
"432",2019-07-27 07:00:00,33,NA,27.3,0.4
"433",2019-07-27 08:00:00,44,NA,204.6,1
"434",2019-07-27 09:00:00,54,NA,180.7,2.2
"435",2019-07-28 00:00:00,46,NA,191.8,2.9
"436",2019-07-28 01:00:00,44,NA,200.5,3
"437",2019-07-28 10:00:00,54,NA,287.7,2.3
"438",2019-07-28 11:00:00,57,NA,293.5,2.9
"439",2019-07-28 12:00:00,59,NA,288.8,2.5
"440",2019-07-28 13:00:00,61,NA,270.1,2
"441",2019-07-28 14:00:00,67,NA,193.8,2.3
"442",2019-07-28 15:00:00,69,NA,179.6,2.6
"443",2019-07-28 16:00:00,67,NA,183.7,1.7
"444",2019-07-28 17:00:00,65,NA,222.6,1.5
"445",2019-07-28 18:00:00,59,NA,224.7,1.7
"446",2019-07-28 19:00:00,47,NA,188.7,2.1
"447",2019-07-28 02:00:00,44,NA,200.5,3.3
"448",2019-07-28 20:00:00,38,NA,183.5,2.1
"449",2019-07-28 21:00:00,43,NA,179.8,2.5
"450",2019-07-28 22:00:00,40,NA,189.1,2.5
"451",2019-07-28 23:00:00,39,NA,189.7,2.9
"452",2019-07-28 03:00:00,40,NA,198.2,2.9
"453",2019-07-28 04:00:00,34,NA,205.2,2.1
"454",2019-07-28 05:00:00,30,NA,202.2,2.1
"455",2019-07-28 06:00:00,30,NA,205.1,2.3
"456",2019-07-28 07:00:00,36,NA,215.5,1.5
"457",2019-07-28 08:00:00,46,NA,237.9,1.1
"458",2019-07-28 09:00:00,51,NA,251.4,1.5
"459",2019-07-29 00:00:00,37,NA,195.6,2.1
"460",2019-07-29 01:00:00,34,NA,194.6,2.4
"461",2019-07-29 10:00:00,60,NA,0,NA
"462",2019-07-29 11:00:00,60,NA,0,NA
"463",2019-07-29 12:00:00,66,NA,0,NA
"464",2019-07-29 13:00:00,76,NA,0,NA
"465",2019-07-29 14:00:00,72,NA,0,NA
"466",2019-07-29 15:00:00,68,NA,0,NA
"467",2019-07-29 16:00:00,57,NA,0,NA
"468",2019-07-29 17:00:00,57,NA,0,NA
"469",2019-07-29 18:00:00,52,NA,0,NA
"470",2019-07-29 19:00:00,44,NA,0,NA
"471",2019-07-29 02:00:00,31,NA,192.7,2.8
"472",2019-07-29 20:00:00,43,NA,0,NA
"473",2019-07-29 21:00:00,41,NA,0,NA
"474",2019-07-29 22:00:00,40,NA,0,NA
"475",2019-07-29 23:00:00,39,NA,0,NA
"476",2019-07-29 03:00:00,32,NA,201.2,2.6
"477",2019-07-29 04:00:00,28,NA,204.5,2.1
"478",2019-07-29 05:00:00,25,NA,213.4,1.4
"479",2019-07-29 06:00:00,26,NA,200.9,2.1
"480",2019-07-29 07:00:00,29,NA,234.4,1
"481",2019-07-29 08:00:00,44,NA,318.4,0.9
"482",2019-07-29 09:00:00,58,NA,356.1,1.8
"483",2019-07-03 00:00:00,24,NA,NA,NA
"484",2019-07-03 01:00:00,16,NA,NA,NA
"485",2019-07-03 10:00:00,51,NA,NA,NA
"486",2019-07-03 11:00:00,57,NA,NA,NA
"487",2019-07-03 12:00:00,61,NA,NA,NA
"488",2019-07-03 13:00:00,63,NA,NA,NA
"489",2019-07-03 14:00:00,59,NA,NA,NA
"490",2019-07-03 15:00:00,63,NA,NA,NA
"491",2019-07-03 16:00:00,64,NA,NA,NA
"492",2019-07-03 17:00:00,63,NA,NA,NA
"493",2019-07-03 18:00:00,60,NA,NA,NA
"494",2019-07-03 19:00:00,55,NA,NA,NA
"495",2019-07-03 02:00:00,12,NA,NA,NA
"496",2019-07-03 20:00:00,51,NA,NA,NA
"497",2019-07-03 21:00:00,43,NA,NA,NA
"498",2019-07-03 22:00:00,39,NA,NA,NA
"499",2019-07-03 23:00:00,35,NA,NA,NA
"500",2019-07-03 03:00:00,10,NA,NA,NA
"501",2019-07-03 04:00:00,22,NA,NA,NA
"502",2019-07-03 05:00:00,25,NA,NA,NA
"503",2019-07-03 06:00:00,28,NA,NA,NA
"504",2019-07-03 07:00:00,31,NA,NA,NA
"505",2019-07-03 08:00:00,73,NA,NA,NA
"506",2019-07-03 09:00:00,49,NA,NA,NA
"507",2019-07-30 00:00:00,39,NA,0,NA
"508",2019-07-30 01:00:00,36,NA,0,NA
"509",2019-07-30 10:00:00,78,NA,212.3,1.7
"510",2019-07-30 11:00:00,79,NA,175.9,3.1
"511",2019-07-30 12:00:00,76,NA,170.3,3.6
"512",2019-07-30 13:00:00,72,NA,177,4.6
"513",2019-07-30 14:00:00,70,NA,172.3,4.6
"514",2019-07-30 15:00:00,69,NA,172.3,4.2
"515",2019-07-30 16:00:00,69,NA,174.6,4.5
"516",2019-07-30 17:00:00,68,NA,171.9,3.7
"517",2019-07-30 18:00:00,55,NA,288.6,4.6
"518",2019-07-30 19:00:00,44,NA,326,2.8
"519",2019-07-30 02:00:00,36,NA,0,NA
"520",2019-07-30 20:00:00,42,NA,310.9,2.8
"521",2019-07-30 21:00:00,44,NA,293.5,2.6
"522",2019-07-30 22:00:00,44,NA,269.4,1.9
"523",2019-07-30 23:00:00,41,NA,255.7,1.8
"524",2019-07-30 03:00:00,35,NA,0,NA
"525",2019-07-30 04:00:00,31,NA,0,NA
"526",2019-07-30 05:00:00,30,NA,0,NA
"527",2019-07-30 06:00:00,28,NA,0,NA
"528",2019-07-30 07:00:00,30,NA,0,NA
"529",2019-07-30 08:00:00,45,NA,0,NA
"530",2019-07-30 09:00:00,62,NA,207.3,2.1
"531",2019-07-31 00:00:00,47,NA,213.1,1.5
"532",2019-07-31 01:00:00,48,NA,220.9,1.6
"533",2019-07-31 10:00:00,53,NA,312.9,2.5
"534",2019-07-31 11:00:00,52,NA,306.2,3.1
"535",2019-07-31 12:00:00,48,NA,299.6,3.4
"536",2019-07-31 13:00:00,60,NA,316.8,2.9
"537",2019-07-31 14:00:00,62,NA,315.3,3.7
"538",2019-07-31 15:00:00,63,NA,310.4,4.1
"539",2019-07-31 16:00:00,59,NA,310.8,3.6
"540",2019-07-31 17:00:00,46,NA,295.8,3.7
"541",2019-07-31 18:00:00,45,NA,301.3,1.8
"542",2019-07-31 19:00:00,47,NA,201.5,1.4
"543",2019-07-31 02:00:00,45,NA,202,1.3
"544",2019-07-31 20:00:00,42,NA,276.8,0.8
"545",2019-07-31 21:00:00,36,NA,317.5,1
"546",2019-07-31 22:00:00,28,NA,238.1,1
"547",2019-07-31 23:00:00,29,NA,270.8,1.5
"548",2019-07-31 03:00:00,41,NA,205.3,1.7
"549",2019-07-31 04:00:00,40,NA,254.4,1.5
"550",2019-07-31 05:00:00,41,NA,276.3,1.7
"551",2019-07-31 06:00:00,40,NA,274.9,0.8
"552",2019-07-31 07:00:00,37,NA,318.9,1.4
"553",2019-07-31 08:00:00,42,NA,303,2.2
"554",2019-07-31 09:00:00,48,NA,306.6,1.8
"555",2019-07-04 00:00:00,32,NA,NA,NA
"556",2019-07-04 01:00:00,27,NA,NA,NA
"557",2019-07-04 10:00:00,61,NA,NA,NA
"558",2019-07-04 11:00:00,65,NA,NA,NA
"559",2019-07-04 12:00:00,65,NA,NA,NA
"560",2019-07-04 13:00:00,51,NA,NA,NA
"561",2019-07-04 14:00:00,47,NA,NA,NA
"562",2019-07-04 15:00:00,43,NA,NA,NA
"563",2019-07-04 16:00:00,50,NA,NA,NA
"564",2019-07-04 17:00:00,46,NA,NA,NA
"565",2019-07-04 18:00:00,43,NA,NA,NA
"566",2019-07-04 19:00:00,42,NA,NA,NA
"567",2019-07-04 02:00:00,24,NA,NA,NA
"568",2019-07-04 20:00:00,35,NA,NA,NA
"569",2019-07-04 21:00:00,16,NA,NA,NA
"570",2019-07-04 22:00:00,10,NA,NA,NA
"571",2019-07-04 23:00:00,16,NA,NA,NA
"572",2019-07-04 03:00:00,25,NA,NA,NA
"573",2019-07-04 04:00:00,20,NA,NA,NA
"574",2019-07-04 05:00:00,23,NA,NA,NA
"575",2019-07-04 06:00:00,21,NA,NA,NA
"576",2019-07-04 07:00:00,26,NA,NA,NA
"577",2019-07-04 08:00:00,46,NA,NA,NA
"578",2019-07-04 09:00:00,60,NA,NA,NA
"579",2019-07-05 00:00:00,19,NA,NA,NA
"580",2019-07-05 01:00:00,21,NA,NA,NA
"581",2019-07-05 10:00:00,45,NA,NA,NA
"582",2019-07-05 11:00:00,52,NA,NA,NA
"583",2019-07-05 12:00:00,58,NA,NA,NA
"584",2019-07-05 13:00:00,62,NA,NA,NA
"585",2019-07-05 14:00:00,64,NA,NA,NA
"586",2019-07-05 15:00:00,62,NA,NA,NA
"587",2019-07-05 16:00:00,59,NA,NA,NA
"588",2019-07-05 17:00:00,56,NA,NA,NA
"589",2019-07-05 18:00:00,48,NA,NA,NA
"590",2019-07-05 19:00:00,41,NA,NA,NA
"591",2019-07-05 02:00:00,19,NA,NA,NA
"592",2019-07-05 20:00:00,42,NA,NA,NA
"593",2019-07-05 21:00:00,38,NA,NA,NA
"594",2019-07-05 03:00:00,16,NA,NA,NA
"595",2019-07-05 04:00:00,15,NA,NA,NA
"596",2019-07-05 05:00:00,21,NA,NA,NA
"597",2019-07-05 06:00:00,22,NA,NA,NA
"598",2019-07-05 07:00:00,24,NA,NA,NA
"599",2019-07-05 08:00:00,36,NA,NA,NA
"600",2019-07-05 09:00:00,46,NA,NA,NA
"601",2019-07-06 00:00:00,37,NA,NA,NA
"602",2019-07-06 01:00:00,35,NA,NA,NA
"603",2019-07-06 10:00:00,51,NA,NA,NA
"604",2019-07-06 11:00:00,54,NA,NA,NA
"605",2019-07-06 12:00:00,54,NA,NA,NA
"606",2019-07-06 13:00:00,51,NA,NA,NA
"607",2019-07-06 14:00:00,49,NA,NA,NA
"608",2019-07-06 15:00:00,49,NA,NA,NA
"609",2019-07-06 16:00:00,45,NA,NA,NA
"610",2019-07-06 17:00:00,43,NA,NA,NA
"611",2019-07-06 18:00:00,50,NA,NA,NA
"612",2019-07-06 19:00:00,48,NA,NA,NA
"613",2019-07-06 02:00:00,27,NA,NA,NA
"614",2019-07-06 20:00:00,42,NA,NA,NA
"615",2019-07-06 21:00:00,41,NA,NA,NA
"616",2019-07-06 22:00:00,38,NA,NA,NA
"617",2019-07-06 23:00:00,31,NA,NA,NA
"618",2019-07-06 03:00:00,28,NA,NA,NA
"619",2019-07-06 04:00:00,24,NA,NA,NA
"620",2019-07-06 05:00:00,21,NA,NA,NA
"621",2019-07-06 06:00:00,22,NA,NA,NA
"622",2019-07-06 07:00:00,29,NA,NA,NA
"623",2019-07-06 08:00:00,42,NA,NA,NA
"624",2019-07-06 09:00:00,47,NA,NA,NA
"625",2019-07-07 00:00:00,33,NA,NA,NA
"626",2019-07-07 01:00:00,29,NA,NA,NA
"627",2019-07-07 10:00:00,41,NA,NA,NA
"628",2019-07-07 11:00:00,42,NA,NA,NA
"629",2019-07-07 12:00:00,50,NA,NA,NA
"630",2019-07-07 13:00:00,55,NA,NA,NA
"631",2019-07-07 14:00:00,56,NA,NA,NA
"632",2019-07-07 15:00:00,55,NA,NA,NA
"633",2019-07-07 16:00:00,51,NA,NA,NA
"634",2019-07-07 17:00:00,49,NA,NA,NA
"635",2019-07-07 18:00:00,46,NA,NA,NA
"636",2019-07-07 19:00:00,48,NA,NA,NA
"637",2019-07-07 02:00:00,28,NA,NA,NA
"638",2019-07-07 20:00:00,46,NA,NA,NA
"639",2019-07-07 21:00:00,44,NA,NA,NA
"640",2019-07-07 22:00:00,40,NA,NA,NA
"641",2019-07-07 23:00:00,46,NA,NA,NA
"642",2019-07-07 03:00:00,28,NA,NA,NA
"643",2019-07-07 04:00:00,26,NA,NA,NA
"644",2019-07-07 05:00:00,24,NA,NA,NA
"645",2019-07-07 06:00:00,30,NA,NA,NA
"646",2019-07-07 07:00:00,35,NA,NA,NA
"647",2019-07-07 08:00:00,37,NA,NA,NA
"648",2019-07-07 09:00:00,40,NA,NA,NA
"649",2019-07-08 00:00:00,46,NA,NA,NA
"650",2019-07-08 01:00:00,42,NA,NA,NA
"651",2019-07-08 10:00:00,30,49,NA,NA
"652",2019-07-08 11:00:00,25,3,NA,NA
"653",2019-07-08 12:00:00,24,3,NA,NA
"654",2019-07-08 13:00:00,25,2,NA,NA
"655",2019-07-08 14:00:00,27,2,NA,NA
"656",2019-07-08 15:00:00,32,2,NA,NA
"657",2019-07-08 16:00:00,32,2,NA,NA
"658",2019-07-08 17:00:00,30,3,NA,NA
"659",2019-07-08 18:00:00,31,3,NA,NA
"660",2019-07-08 19:00:00,29,3,NA,NA
"661",2019-07-08 02:00:00,38,NA,NA,NA
"662",2019-07-08 20:00:00,23,6,NA,NA
"663",2019-07-08 21:00:00,20,8,NA,NA
"664",2019-07-08 22:00:00,15,10,NA,NA
"665",2019-07-08 23:00:00,12,12,NA,NA
"666",2019-07-08 03:00:00,35,NA,NA,NA
"667",2019-07-08 04:00:00,33,NA,NA,NA
"668",2019-07-08 05:00:00,31,NA,NA,NA
"669",2019-07-08 06:00:00,32,NA,NA,NA
"670",2019-07-08 07:00:00,30,NA,NA,NA
"671",2019-07-08 08:00:00,39,0,NA,NA
"672",2019-07-08 09:00:00,77,19,NA,NA
"673",2019-07-09 00:00:00,11,11,NA,NA
"674",2019-07-09 01:00:00,8,11,NA,NA
"675",2019-07-09 10:00:00,51,14,NA,NA
"676",2019-07-09 11:00:00,60,28,NA,NA
"677",2019-07-09 12:00:00,73,NA,NA,NA
"678",2019-07-09 13:00:00,80,NA,NA,NA
"679",2019-07-09 14:00:00,74,NA,NA,NA
"680",2019-07-09 15:00:00,67,NA,NA,NA
"681",2019-07-09 16:00:00,58,NA,NA,NA
"682",2019-07-09 17:00:00,48,NA,NA,NA
"683",2019-07-09 18:00:00,43,NA,NA,NA
"684",2019-07-09 19:00:00,42,NA,NA,NA
"685",2019-07-09 02:00:00,5,10,NA,NA
"686",2019-07-09 20:00:00,37,NA,NA,NA
"687",2019-07-09 21:00:00,32,NA,NA,NA
"688",2019-07-09 22:00:00,34,NA,NA,NA
"689",2019-07-09 23:00:00,32,NA,NA,NA
"690",2019-07-09 03:00:00,5,10,NA,NA
"691",2019-07-09 04:00:00,4,11,NA,NA
"692",2019-07-09 05:00:00,6,11,NA,NA
"693",2019-07-09 06:00:00,11,10,NA,NA
"694",2019-07-09 07:00:00,20,8,NA,NA
"695",2019-07-09 08:00:00,32,5,NA,NA
"696",2019-07-09 09:00:00,41,6,NA,NA
"697",2019-08-01 00:00:00,28,NA,295.6,1.6
"698",2019-08-01 01:00:00,23,NA,289.5,2
"699",2019-08-01 10:00:00,55,NA,286,1.9
"700",2019-08-01 11:00:00,66,NA,304.6,1.8
"701",2019-08-01 12:00:00,69,NA,3.3,1.6
"702",2019-08-01 13:00:00,71,NA,313.3,2.6
"703",2019-08-01 14:00:00,73,NA,308.2,2.5
"704",2019-08-01 15:00:00,70,NA,35.3,3.5
"705",2019-08-01 16:00:00,70,NA,52.6,3.4
"706",2019-08-01 17:00:00,65,NA,60,2.5
"707",2019-08-01 18:00:00,67,NA,131.3,3.3
"708",2019-08-01 19:00:00,64,NA,155.6,1.9
"709",2019-08-01 02:00:00,21,NA,305.5,1.8
"710",2019-08-01 20:00:00,58,NA,95.5,1.8
"711",2019-08-01 21:00:00,54,NA,109,1.8
"712",2019-08-01 22:00:00,48,NA,97,1.1
"713",2019-08-01 23:00:00,46,NA,85.3,1.2
"714",2019-08-01 03:00:00,20,NA,284.8,1.5
"715",2019-08-01 04:00:00,14,NA,304.4,2.1
"716",2019-08-01 05:00:00,15,NA,305.6,2.2
"717",2019-08-01 06:00:00,22,NA,304.1,2.3
"718",2019-08-01 07:00:00,29,NA,300.2,2.5
"719",2019-08-01 08:00:00,39,NA,312.1,2.9
"720",2019-08-01 09:00:00,47,NA,288.6,2.1
"721",2019-08-10 00:00:00,49,NA,322.5,4.3
"722",2019-08-10 01:00:00,45,NA,310.1,3.9
"723",2019-08-10 10:00:00,51,NA,300.1,3.7
"724",2019-08-10 11:00:00,52,NA,297.2,4.2
"725",2019-08-10 12:00:00,51,NA,302.3,5
"726",2019-08-10 13:00:00,50,NA,298.2,4.6
"727",2019-08-10 14:00:00,53,NA,287,4.2
"728",2019-08-10 15:00:00,53,NA,303.7,5
"729",2019-08-10 16:00:00,52,NA,297.3,4.8
"730",2019-08-10 17:00:00,51,NA,301.5,4.5
"731",2019-08-10 18:00:00,50,NA,306.3,3.3
"732",2019-08-10 19:00:00,46,NA,286.6,1.9
"733",2019-08-10 02:00:00,42,NA,300.7,2.6
"734",2019-08-10 20:00:00,44,NA,288.5,1.9
"735",2019-08-10 21:00:00,41,NA,315.5,2.2
"736",2019-08-10 22:00:00,37,NA,319.9,2.8
"737",2019-08-10 23:00:00,34,NA,312.5,3
"738",2019-08-10 03:00:00,38,NA,306.1,2.6
"739",2019-08-10 04:00:00,36,NA,322,2.2
"740",2019-08-10 05:00:00,33,NA,290.3,1.7
"741",2019-08-10 06:00:00,33,NA,262.8,5
"742",2019-08-10 07:00:00,36,NA,266.8,2.1
"743",2019-08-10 08:00:00,41,NA,293,2.9
"744",2019-08-10 09:00:00,47,NA,304.9,3.2
"745",2019-08-11 00:00:00,30,NA,319.4,2.4
"746",2019-08-11 01:00:00,28,NA,322,2.6
"747",2019-08-11 10:00:00,41,NA,327.3,1.6
"748",2019-08-11 11:00:00,42,NA,320.7,2.4
"749",2019-08-11 12:00:00,43,NA,302.6,2.4
"750",2019-08-11 13:00:00,45,NA,304.2,3.7
"751",2019-08-11 14:00:00,44,NA,299.3,3
"752",2019-08-11 15:00:00,43,NA,308.3,3.6
"753",2019-08-11 16:00:00,43,NA,310.4,3.4
"754",2019-08-11 17:00:00,42,NA,315.7,2.9
"755",2019-08-11 18:00:00,43,NA,320.4,2.3
"756",2019-08-11 19:00:00,34,NA,16.3,1.2
"757",2019-08-11 02:00:00,26,NA,337.3,3.5
"758",2019-08-11 20:00:00,31,NA,73.6,1.4
"759",2019-08-11 21:00:00,35,NA,133.2,1.2
"760",2019-08-11 22:00:00,37,NA,133.3,1.2
"761",2019-08-11 23:00:00,35,NA,120.2,0.8
"762",2019-08-11 03:00:00,22,NA,314.2,2.5
"763",2019-08-11 04:00:00,23,NA,323.5,1.7
"764",2019-08-11 05:00:00,21,NA,329,2.7
"765",2019-08-11 06:00:00,20,NA,323.9,4.8
"766",2019-08-11 07:00:00,27,NA,355.7,2.9
"767",2019-08-11 08:00:00,31,NA,4.3,4.2
"768",2019-08-11 09:00:00,36,NA,48.1,1.9
"769",2019-08-12 00:00:00,24,NA,93.9,0.8
"770",2019-08-12 01:00:00,14,NA,77.3,0.7
"771",2019-08-12 10:00:00,63,NA,176.6,2.5
"772",2019-08-12 11:00:00,73,NA,160.6,3.3
"773",2019-08-12 12:00:00,70,NA,171.3,3.5
"774",2019-08-12 13:00:00,66,3,173.9,3.7
"775",2019-08-12 14:00:00,62,NA,174.1,3.9
"776",2019-08-12 15:00:00,61,NA,178.5,4.4
"777",2019-08-12 16:00:00,57,NA,174,4.4
"778",2019-08-12 17:00:00,52,NA,173.6,4.4
"779",2019-08-12 18:00:00,49,NA,178,4
"780",2019-08-12 19:00:00,49,NA,180.5,3.5
"781",2019-08-12 02:00:00,11,NA,107.7,0.5
"782",2019-08-12 20:00:00,47,NA,176.4,3.3
"783",2019-08-12 21:00:00,43,NA,185.2,4.2
"784",2019-08-12 22:00:00,39,NA,184.7,3.9
"785",2019-08-12 23:00:00,36,NA,183.6,3.2
"786",2019-08-12 03:00:00,5,NA,83.4,0.8
"787",2019-08-12 04:00:00,2,NA,47.2,1
"788",2019-08-12 05:00:00,3,NA,44,0.9
"789",2019-08-12 06:00:00,5,NA,57.5,0.8
"790",2019-08-12 07:00:00,11,NA,118.5,0.9
"791",2019-08-12 08:00:00,31,NA,166.2,1.3
"792",2019-08-12 09:00:00,141,NA,176.1,1.5
"793",2019-08-13 00:00:00,37,NA,183.9,3.4
"794",2019-08-13 01:00:00,38,NA,186.7,4
"795",2019-08-13 10:00:00,32,1,235,2.1
"796",2019-08-13 11:00:00,34,12,261.6,1.7
"797",2019-08-13 12:00:00,42,15,NA,NA
"798",2019-08-13 13:00:00,51,19,NA,NA
"799",2019-08-13 14:00:00,57,24,NA,NA
"800",2019-08-13 15:00:00,59,26,NA,NA
"801",2019-08-13 16:00:00,59,25,NA,NA
"802",2019-08-13 17:00:00,53,22,NA,NA
"803",2019-08-13 18:00:00,47,20,NA,NA
"804",2019-08-13 19:00:00,42,20,NA,NA
"805",2019-08-13 02:00:00,36,NA,189.7,3.4
"806",2019-08-13 20:00:00,39,19,NA,NA
"807",2019-08-13 21:00:00,36,18,NA,NA
"808",2019-08-13 22:00:00,28,17,NA,NA
"809",2019-08-13 23:00:00,24,15,NA,NA
"810",2019-08-13 03:00:00,35,NA,189.9,2.9
"811",2019-08-13 04:00:00,35,NA,186.1,3.1
"812",2019-08-13 05:00:00,30,NA,190.3,2.5
"813",2019-08-13 06:00:00,27,NA,194.9,2.9
"814",2019-08-13 07:00:00,28,33,199.2,2.8
"815",2019-08-13 08:00:00,31,9,197.4,2.7
"816",2019-08-13 09:00:00,32,10,194.6,2.8
"817",2019-08-14 00:00:00,29,14,294.4,1.2
"818",2019-08-14 01:00:00,24,13,27.9,0.8
"819",2019-08-14 10:00:00,44,6,302.4,4.1
"820",2019-08-14 11:00:00,52,7,312.4,4.2
"821",2019-08-14 12:00:00,51,2,327,5
"822",2019-08-14 13:00:00,49,2,322.5,5.6
"823",2019-08-14 14:00:00,51,2,2,3.6
"824",2019-08-14 15:00:00,56,2,16.9,3.1
"825",2019-08-14 16:00:00,60,2,8.9,2.9
"826",2019-08-14 17:00:00,59,1,10.6,2.4
"827",2019-08-14 18:00:00,58,2,21.2,2.4
"828",2019-08-14 19:00:00,54,3,2.4,1.4
"829",2019-08-14 02:00:00,16,12,41.9,0.9
"830",2019-08-14 20:00:00,53,6,84.9,1.8
"831",2019-08-14 21:00:00,48,6,104,1.3
"832",2019-08-14 22:00:00,46,6,90.7,1.2
"833",2019-08-14 23:00:00,40,7,66.3,0.9
"834",2019-08-14 03:00:00,17,12,72.6,0.6
"835",2019-08-14 04:00:00,12,12,42.7,0.8
"836",2019-08-14 05:00:00,12,11,325.5,0.9
"837",2019-08-14 06:00:00,20,12,271.9,1.8
"838",2019-08-14 07:00:00,24,14,352.4,2.1
"839",2019-08-14 08:00:00,625,0,339.8,2.5
"840",2019-08-14 09:00:00,39,2,302.6,3.6
"841",2019-08-15 00:00:00,33,7,69.5,1.5
"842",2019-08-15 01:00:00,32,5,73.3,1.3
"843",2019-08-15 10:00:00,52,3,97.8,2.3
"844",2019-08-15 11:00:00,57,2,94.8,2.5
"845",2019-08-15 12:00:00,57,2,92.1,2.7
"846",2019-08-15 13:00:00,55,2,96.2,2.9
"847",2019-08-15 14:00:00,53,2,121.3,3.3
"848",2019-08-15 15:00:00,49,3,121.1,2.7
"849",2019-08-15 16:00:00,43,5,146.2,1.6
"850",2019-08-15 17:00:00,45,3,123.9,2.9
"851",2019-08-15 18:00:00,45,2,115,2.1
"852",2019-08-15 19:00:00,40,4,101.9,1.6
"853",2019-08-15 02:00:00,31,3,55.7,1.2
"854",2019-08-15 20:00:00,40,3,116.2,2.8
"855",2019-08-15 21:00:00,39,2,94.1,2.5
"856",2019-08-15 22:00:00,40,2,112.3,2.9
"857",2019-08-15 23:00:00,38,2,125.3,2.4
"858",2019-08-15 03:00:00,27,4,38,1.8
"859",2019-08-15 04:00:00,30,3,52.3,1.9
"860",2019-08-15 05:00:00,28,4,51.4,1.7
"861",2019-08-15 06:00:00,28,5,59.7,1.8
"862",2019-08-15 07:00:00,44,5,67.9,2.3
"863",2019-08-15 08:00:00,47,5,79.2,2.5
"864",2019-08-15 09:00:00,47,4,88.3,2.2
"865",2019-08-16 00:00:00,38,2,112.4,1.4
"866",2019-08-16 01:00:00,32,3,97.4,1.2
"867",2019-08-16 10:00:00,43,4,4,1.3
"868",2019-08-16 11:00:00,38,3,1.8,1.5
"869",2019-08-16 12:00:00,51,6,345.4,1.2
"870",2019-08-16 13:00:00,52,4,63.6,2.1
"871",2019-08-16 14:00:00,57,3,61.9,2.2
"872",2019-08-16 15:00:00,55,4,112.8,2.3
"873",2019-08-16 16:00:00,51,3,117.7,2.4
"874",2019-08-16 17:00:00,46,4,115,2.9
"875",2019-08-16 18:00:00,45,3,134.3,3.1
"876",2019-08-16 19:00:00,43,3,169.2,3.1
"877",2019-08-16 02:00:00,31,4,106.7,1.4
"878",2019-08-16 20:00:00,41,4,174.6,2.3
"879",2019-08-16 21:00:00,36,5,156,1.5
"880",2019-08-16 22:00:00,32,8,116.5,1.3
"881",2019-08-16 23:00:00,21,16,105.7,1
"882",2019-08-16 03:00:00,26,4,57,1
"883",2019-08-16 04:00:00,22,3,31.8,1.5
"884",2019-08-16 05:00:00,19,4,51.5,1.7
"885",2019-08-16 06:00:00,18,6,69.2,1.5
"886",2019-08-16 07:00:00,24,6,80.6,1.8
"887",2019-08-16 08:00:00,33,4,96.8,2
"888",2019-08-16 09:00:00,38,2,47,1.5
"889",2019-08-17 00:00:00,27,8,118.2,1.1
"890",2019-08-17 01:00:00,18,13,78.4,1.1
"891",2019-08-17 10:00:00,54,3,146,1.5
"892",2019-08-17 11:00:00,59,3,164,2.1
"893",2019-08-17 12:00:00,57,2,177,2.5
"894",2019-08-17 13:00:00,58,3,196.7,1.7
"895",2019-08-17 14:00:00,61,3,208.3,1.8
"896",2019-08-17 15:00:00,59,3,196,2.4
"897",2019-08-17 16:00:00,45,4,110.3,3.6
"898",2019-08-17 17:00:00,44,4,129.4,2.1
"899",2019-08-17 18:00:00,38,9,93.9,0.9
"900",2019-08-17 19:00:00,37,6,281.3,2.4
"901",2019-08-17 02:00:00,13,14,71.8,1.2
"902",2019-08-17 20:00:00,34,6,10,0.8
"903",2019-08-17 21:00:00,25,12,71.6,0.6
"904",2019-08-17 22:00:00,14,20,140.8,0.8
"905",2019-08-17 23:00:00,22,16,178.3,1.5
"906",2019-08-17 03:00:00,9,14,53.4,1
"907",2019-08-17 04:00:00,9,12,38.7,0.9
"908",2019-08-17 05:00:00,7,13,34.8,1.1
"909",2019-08-17 06:00:00,12,9,44.9,1.5
"910",2019-08-17 07:00:00,21,7,52.5,1.2
"911",2019-08-17 08:00:00,35,7,120.7,1.1
"912",2019-08-17 09:00:00,48,4,138.6,1.6
"913",2019-08-18 00:00:00,28,7,184.1,1.7
"914",2019-08-18 01:00:00,25,7,194.9,1.9
"915",2019-08-18 10:00:00,56,4,176,1.9
"916",2019-08-18 11:00:00,52,2,185.2,2.3
"917",2019-08-18 12:00:00,51,2,198,2.4
"918",2019-08-18 02:00:00,23,5,205.2,1.9
"919",2019-08-18 03:00:00,23,5,190.7,2.1
"920",2019-08-18 04:00:00,20,7,184.8,1.5
"921",2019-08-18 05:00:00,16,9,186.3,1.9
"922",2019-08-18 06:00:00,18,8,177.5,1.6
"923",2019-08-18 07:00:00,19,10,220,0.9
"924",2019-08-18 08:00:00,28,8,301,1
"925",2019-08-18 09:00:00,44,7,171.3,1.4
"926",2019-08-19 10:00:00,65,4,289.9,1.4
"927",2019-08-19 11:00:00,61,4,272.3,1.9
"928",2019-08-19 12:00:00,62,4,285.4,2.7
"929",2019-08-19 13:00:00,63,3,260.4,2.5
"930",2019-08-19 14:00:00,71,3,287.2,2.9
"931",2019-08-19 15:00:00,61,2,308,3.9
"932",2019-08-19 16:00:00,58,2,311.9,3.7
"933",2019-08-19 17:00:00,55,3,321,2.1
"934",2019-08-19 18:00:00,51,6,66.7,1.9
"935",2019-08-19 19:00:00,45,11,69.7,1.6
"936",2019-08-19 20:00:00,46,10,109.3,2.4
"937",2019-08-19 21:00:00,39,8,183,2.1
"938",2019-08-19 22:00:00,49,3,296.4,4.6
"939",2019-08-19 23:00:00,47,4,314.4,1.4
"940",2019-08-19 06:00:00,222,1,190.2,1.6
"941",2019-08-19 07:00:00,17,11,282.5,1.9
"942",2019-08-19 08:00:00,20,7,298.9,2.9
"943",2019-08-19 09:00:00,36,5,269.5,1.6
"944",2019-08-02 00:00:00,41,NA,75.9,0.9
"945",2019-08-02 01:00:00,37,NA,66.6,1.4
"946",2019-08-02 10:00:00,57,NA,272.7,1.3
"947",2019-08-02 11:00:00,61,NA,172.2,2.1
"948",2019-08-02 12:00:00,66,NA,169.5,3.2
"949",2019-08-02 13:00:00,63,NA,158.6,4.2
"950",2019-08-02 14:00:00,60,NA,166.4,4.1
"951",2019-08-02 15:00:00,59,NA,191.4,3.7
"952",2019-08-02 16:00:00,59,NA,163.9,2.9
"953",2019-08-02 17:00:00,57,NA,163.5,3.3
"954",2019-08-02 18:00:00,53,NA,163.5,3.5
"955",2019-08-02 19:00:00,50,NA,160.6,3.3
"956",2019-08-02 02:00:00,34,NA,54,1.5
"957",2019-08-02 20:00:00,51,NA,162.4,2.9
"958",2019-08-02 21:00:00,48,NA,167.3,2.7
"959",2019-08-02 22:00:00,45,NA,158.5,2.3
"960",2019-08-02 23:00:00,43,NA,160.6,2.3
"961",2019-08-02 03:00:00,33,NA,62.4,1
"962",2019-08-02 04:00:00,28,NA,116.7,1.6
"963",2019-08-02 05:00:00,34,NA,175.1,2.5
"964",2019-08-02 06:00:00,38,NA,346.3,1.6
"965",2019-08-02 07:00:00,39,NA,233,2.3
"966",2019-08-02 08:00:00,43,NA,173.3,3
"967",2019-08-02 09:00:00,49,NA,246.5,1.4
"968",2019-08-20 00:00:00,42,5,331.6,0.9
"969",2019-08-20 01:00:00,35,8,246.6,2
"970",2019-08-20 10:00:00,69,5,101.7,2.6
"971",2019-08-20 11:00:00,68,3,130,3.1
"972",2019-08-20 12:00:00,69,4,91.7,2.9
"973",2019-08-20 02:00:00,32,5,312.2,2.4
"974",2019-08-20 03:00:00,28,5,318.6,2.1
"975",2019-08-20 04:00:00,23,6,318.9,2
"976",2019-08-20 05:00:00,16,12,327.3,1.2
"977",2019-08-20 06:00:00,18,14,329.3,1.4
"978",2019-08-20 07:00:00,28,15,34.3,1.9
"979",2019-08-20 08:00:00,40,11,62.6,2.3
"980",2019-08-20 09:00:00,59,7,69,2.7
"981",2019-08-21 10:00:00,44,6,198,3.5
"982",2019-08-21 11:00:00,49,5,188.3,3.8
"983",2019-08-21 12:00:00,50,4,173.6,3.8
"984",2019-08-21 13:00:00,49,5,192.9,3.3
"985",2019-08-21 14:00:00,44,5,184.7,3.5
"986",2019-08-21 15:00:00,42,5,189.6,3.3
"987",2019-08-21 16:00:00,40,4,189.2,3.6
"988",2019-08-21 17:00:00,43,8,70,4.3
"989",2019-08-21 18:00:00,40,7,95.9,1.4
"990",2019-08-21 19:00:00,33,11,25.2,1.3
"991",2019-08-21 20:00:00,24,14,65.9,1.2
"992",2019-08-21 21:00:00,14,21,84.9,0.8
"993",2019-08-21 22:00:00,22,16,208,1.1
"994",2019-08-21 23:00:00,8,19,30.9,0.7
"995",2019-08-21 06:00:00,788,1,205.3,2.9
"996",2019-08-21 07:00:00,1,11,203,3.1
"997",2019-08-21 08:00:00,32,11,214.2,2.9
"998",2019-08-21 09:00:00,36,7,200.9,3.1
"999",2019-08-22 00:00:00,12,16,275.5,0.8
"1000",2019-08-22 01:00:00,15,11,320.6,1.4
"1001",2019-08-22 10:00:00,64,5,270.9,2.8
"1002",2019-08-22 11:00:00,64,3,265.7,3.1
"1003",2019-08-22 12:00:00,64,2,291.1,3.6
"1004",2019-08-22 13:00:00,66,2,307.5,3.7
"1005",2019-08-22 14:00:00,69,3,224.4,2.1
"1006",2019-08-22 15:00:00,69,4,206.5,2.4
"1007",2019-08-22 16:00:00,64,5,176.3,3.7
"1008",2019-08-22 17:00:00,55,5,182.4,4.3
"1009",2019-08-22 18:00:00,50,4,187.7,3.8
"1010",2019-08-22 19:00:00,49,4,205.5,4.2
"1011",2019-08-22 02:00:00,16,9,267.2,0.8
"1012",2019-08-22 20:00:00,45,4,341.1,2.3
"1013",2019-08-22 21:00:00,39,6,67.8,1.6
"1014",2019-08-22 22:00:00,34,8,74.4,1.1
"1015",2019-08-22 23:00:00,32,8,45.6,1.3
"1016",2019-08-22 03:00:00,19,9,253.6,1
"1017",2019-08-22 04:00:00,21,7,288.8,1.4
"1018",2019-08-22 05:00:00,20,12,264.1,1.2
"1019",2019-08-22 06:00:00,25,9,281.2,1.8
"1020",2019-08-22 07:00:00,33,16,293.5,3.1
"1021",2019-08-22 08:00:00,43,13,284.6,3.2
"1022",2019-08-22 09:00:00,54,6,290.7,3.3
"1023",2019-08-23 00:00:00,30,8,109.9,1.6
"1024",2019-08-23 01:00:00,34,4,217.2,2.5
"1025",2019-08-23 10:00:00,15,6,340.4,3.6
"1026",2019-08-23 11:00:00,12,11,339,3.4
"1027",2019-08-23 12:00:00,19,5,351.3,3.2
"1028",2019-08-23 13:00:00,17,6,343.9,2.9
"1029",2019-08-23 14:00:00,25,4,1.6,3
"1030",2019-08-23 15:00:00,24,5,330.6,3.3
"1031",2019-08-23 16:00:00,26,4,339.6,3.7
"1032",2019-08-23 17:00:00,27,4,351,3.3
"1033",2019-08-23 18:00:00,25,5,344.2,2.6
"1034",2019-08-23 19:00:00,22,5,327.7,2.5
"1035",2019-08-23 02:00:00,32,3,264,2
"1036",2019-08-23 20:00:00,21,5,335.6,1.8
"1037",2019-08-23 21:00:00,21,5,325.9,3.1
"1038",2019-08-23 22:00:00,19,5,326.9,3.1
"1039",2019-08-23 23:00:00,20,4,324,3.9
"1040",2019-08-23 03:00:00,29,3,302.6,2.3
"1041",2019-08-23 04:00:00,23,5,319.9,2.8
"1042",2019-08-23 05:00:00,22,7,356.8,2.5
"1043",2019-08-23 06:00:00,23,6,16.7,3.3
"1044",2019-08-23 07:00:00,23,5,9.3,4
"1045",2019-08-23 08:00:00,19,5,2.6,3.8
"1046",2019-08-23 09:00:00,13,6,6.2,3.3
"1047",2019-08-24 00:00:00,21,5,331.9,2.9
"1048",2019-08-24 01:00:00,22,4,359.8,2.5
"1049",2019-08-24 10:00:00,30,2,26.5,3.1
"1050",2019-08-24 11:00:00,36,2,30.3,3.5
"1051",2019-08-24 12:00:00,38,2,12.7,3.5
"1052",2019-08-24 13:00:00,40,1,11.5,2.4
"1053",2019-08-24 14:00:00,41,2,27.2,2.1
"1054",2019-08-24 15:00:00,39,2,19.5,2.7
"1055",2019-08-24 16:00:00,37,3,24.7,3.1
"1056",2019-08-24 17:00:00,35,3,27.8,3.2
"1057",2019-08-24 18:00:00,29,7,34.2,2.5
"1058",2019-08-24 19:00:00,23,9,14.6,1.7
"1059",2019-08-24 02:00:00,20,3,354.8,2.5
"1060",2019-08-24 20:00:00,20,9,12.8,2
"1061",2019-08-24 21:00:00,17,10,18.1,1.8
"1062",2019-08-24 22:00:00,15,12,49.6,1.3
"1063",2019-08-24 23:00:00,8,16,34.5,0.9
"1064",2019-08-24 03:00:00,18,3,353.9,2.8
"1065",2019-08-24 04:00:00,17,4,0.8,2.9
"1066",2019-08-24 05:00:00,16,5,359.2,2.6
"1067",2019-08-24 06:00:00,16,5,354.4,2.8
"1068",2019-08-24 07:00:00,18,3,9,3.8
"1069",2019-08-24 08:00:00,21,3,15.2,3.6
"1070",2019-08-24 09:00:00,25,3,25.9,2.8
"1071",2019-08-25 00:00:00,12,11,31.1,1.9
"1072",2019-08-25 01:00:00,12,9,28.1,1.8
"1073",2019-08-25 10:00:00,31,1,38.7,4.7
"1074",2019-08-25 11:00:00,32,1,62.6,4
"1075",2019-08-25 12:00:00,34,1,68.1,4.6
"1076",2019-08-25 13:00:00,38,1,45.4,4.1
"1077",2019-08-25 14:00:00,40,1,70.6,3.7
"1078",2019-08-25 15:00:00,41,1,57.3,3.8
"1079",2019-08-25 16:00:00,40,1,56,3.5
"1080",2019-08-25 17:00:00,39,2,56.6,3.4
"1081",2019-08-25 18:00:00,31,2,79.7,3.1
"1082",2019-08-25 19:00:00,26,3,75.9,2.9
"1083",2019-08-25 02:00:00,12,9,30.7,1.7
"1084",2019-08-25 20:00:00,23,4,58,2
"1085",2019-08-25 21:00:00,22,4,80.3,1.9
"1086",2019-08-25 22:00:00,20,5,57.9,1.8
"1087",2019-08-25 23:00:00,21,4,52,2.1
"1088",2019-08-25 03:00:00,13,9,22.6,1.5
"1089",2019-08-25 04:00:00,13,9,21,1.8
"1090",2019-08-25 05:00:00,17,8,19.9,2.1
"1091",2019-08-25 06:00:00,22,7,17.5,2.6
"1092",2019-08-25 07:00:00,29,4,24.9,3.7
"1093",2019-08-25 08:00:00,27,3,29.8,4.7
"1094",2019-08-25 09:00:00,29,2,28.8,5.3
"1095",2019-08-26 00:00:00,20,3,33,2.5
"1096",2019-08-26 01:00:00,22,2,38.4,3.2
"1097",2019-08-26 10:00:00,30,4,36.6,3.1
"1098",2019-08-26 11:00:00,34,3,66.9,3
"1099",2019-08-26 12:00:00,35,3,84.8,3.1
"1100",2019-08-26 13:00:00,34,4,80.6,2.3
"1101",2019-08-26 14:00:00,32,4,105,2.9
"1102",2019-08-26 15:00:00,32,3,99.3,3.2
"1103",2019-08-26 16:00:00,31,3,94.5,2.5
"1104",2019-08-26 17:00:00,31,4,96.6,2.3
"1105",2019-08-26 18:00:00,30,4,77.6,1.8
"1106",2019-08-26 19:00:00,28,5,67,2.4
"1107",2019-08-26 02:00:00,22,2,39,3
"1108",2019-08-26 20:00:00,26,4,86.3,2.6
"1109",2019-08-26 21:00:00,25,4,93.8,2.5
"1110",2019-08-26 22:00:00,29,3,111,2.5
"1111",2019-08-26 23:00:00,32,3,103.6,1.7
"1112",2019-08-26 03:00:00,18,4,8,1.7
"1113",2019-08-26 04:00:00,13,9,349.3,2.3
"1114",2019-08-26 05:00:00,12,10,2.1,2.5
"1115",2019-08-26 06:00:00,11,10,19.7,3.2
"1116",2019-08-26 07:00:00,8,12,38.9,3.3
"1117",2019-08-26 08:00:00,18,6,28.4,3.7
"1118",2019-08-26 09:00:00,23,5,34.7,3.7
"1119",2019-08-27 00:00:00,30,4,78.2,1.4
"1120",2019-08-27 01:00:00,30,3,63.4,1.2
"1121",2019-08-27 10:00:00,30,5,122.5,2
"1122",2019-08-27 11:00:00,33,4,135.5,1.7
"1123",2019-08-27 12:00:00,36,4,164.7,1.5
"1124",2019-08-27 13:00:00,42,4,158.2,1.8
"1125",2019-08-27 14:00:00,44,4,168.7,1.9
"1126",2019-08-27 15:00:00,44,4,147.9,2.1
"1127",2019-08-27 16:00:00,42,4,130.6,2.6
"1128",2019-08-27 17:00:00,37,3,127.7,2.6
"1129",2019-08-27 18:00:00,32,4,105,2.7
"1130",2019-08-27 19:00:00,29,5,104.2,2.1
"1131",2019-08-27 02:00:00,29,2,68,0.9
"1132",2019-08-27 20:00:00,26,7,100.1,1.6
"1133",2019-08-27 21:00:00,23,9,86.5,1.3
"1134",2019-08-27 22:00:00,18,13,63.3,1.2
"1135",2019-08-27 23:00:00,19,10,80.9,0.9
"1136",2019-08-27 03:00:00,26,4,62.8,0.9
"1137",2019-08-27 04:00:00,21,7,37.6,0.8
"1138",2019-08-27 05:00:00,21,7,9.3,1.2
"1139",2019-08-27 06:00:00,16,12,39,1.1
"1140",2019-08-27 07:00:00,21,12,69.5,1.5
"1141",2019-08-27 08:00:00,73,11,67.5,1.6
"1142",2019-08-27 09:00:00,24,8,92.7,2
"1143",2019-08-28 00:00:00,15,12,49.7,0.6
"1144",2019-08-28 01:00:00,14,9,52.1,0.9
"1145",2019-08-28 10:00:00,21,10,325.3,1
"1146",2019-08-28 11:00:00,29,9,175.2,1.6
"1147",2019-08-28 12:00:00,33,7,157.6,1.5
"1148",2019-08-28 13:00:00,39,6,175.7,1.6
"1149",2019-08-28 14:00:00,40,7,226.1,2.9
"1150",2019-08-28 15:00:00,38,3,300.4,4.7
"1151",2019-08-28 16:00:00,37,3,312.5,4.2
"1152",2019-08-28 17:00:00,37,4,344.3,3.2
"1153",2019-08-28 18:00:00,36,5,338.4,2.2
"1154",2019-08-28 19:00:00,29,7,315.2,2
"1155",2019-08-28 02:00:00,11,10,27.5,1.3
"1156",2019-08-28 20:00:00,25,8,318.3,1.9
"1157",2019-08-28 21:00:00,20,9,308.6,2.8
"1158",2019-08-28 22:00:00,17,9,318.1,1.9
"1159",2019-08-28 23:00:00,16,6,311.6,2.5
"1160",2019-08-28 03:00:00,12,8,18.2,1.2
"1161",2019-08-28 04:00:00,12,8,26.6,1.2
"1162",2019-08-28 05:00:00,10,11,54.6,0.8
"1163",2019-08-28 06:00:00,14,9,349.9,1.3
"1164",2019-08-28 07:00:00,14,10,40.9,1.2
"1165",2019-08-28 08:00:00,17,7,58,1.5
"1166",2019-08-28 09:00:00,18,8,349.6,0.8
"1167",2019-08-29 00:00:00,16,5,306.3,3.2
"1168",2019-08-29 01:00:00,22,3,297,3.1
"1169",2019-08-29 10:00:00,42,2,299.9,4.8
"1170",2019-08-29 11:00:00,47,1,307.8,5.1
"1171",2019-08-29 12:00:00,49,1,311.1,5.2
"1172",2019-08-29 13:00:00,49,3,301.3,4.4
"1173",2019-08-29 14:00:00,53,2,306.1,4.4
"1174",2019-08-29 15:00:00,54,1,306.8,4.4
"1175",2019-08-29 16:00:00,53,1,311.1,4.2
"1176",2019-08-29 17:00:00,53,1,306.2,3.7
"1177",2019-08-29 18:00:00,50,3,310.7,2
"1178",2019-08-29 19:00:00,32,15,8.9,0.4
"1179",2019-08-29 02:00:00,24,3,310,3.1
"1180",2019-08-29 20:00:00,10,30,358,0.6
"1181",2019-08-29 21:00:00,9,27,322.5,0.7
"1182",2019-08-29 22:00:00,4,29,311.6,1.1
"1183",2019-08-29 23:00:00,3,28,325.7,0.7
"1184",2019-08-29 03:00:00,23,3,315,3.2
"1185",2019-08-29 04:00:00,24,3,309.1,4
"1186",2019-08-29 05:00:00,22,5,314.3,3.5
"1187",2019-08-29 06:00:00,20,8,309.7,3.8
"1188",2019-08-29 07:00:00,23,7,304.2,3.7
"1189",2019-08-29 08:00:00,31,8,307.1,4.3
"1190",2019-08-29 09:00:00,36,2,306.6,5.3
"1191",2019-08-03 00:00:00,43,NA,173,2.1
"1192",2019-08-03 01:00:00,44,NA,175.3,2.3
"1193",2019-08-03 10:00:00,65,NA,121.4,1.5
"1194",2019-08-03 11:00:00,72,NA,165.5,1.9
"1195",2019-08-03 12:00:00,71,NA,143.2,2.1
"1196",2019-08-03 13:00:00,64,NA,136.6,3
"1197",2019-08-03 14:00:00,65,NA,162.9,2.7
"1198",2019-08-03 15:00:00,62,NA,193.9,2.1
"1199",2019-08-03 16:00:00,54,NA,89.1,3.4
"1200",2019-08-03 17:00:00,55,NA,118.9,2.9
"1201",2019-08-03 18:00:00,52,NA,121.3,1.8
"1202",2019-08-03 19:00:00,43,NA,109.9,1.7
"1203",2019-08-03 02:00:00,43,NA,173.4,2
"1204",2019-08-03 20:00:00,37,NA,147.4,1.9
"1205",2019-08-03 21:00:00,39,NA,176.7,1.9
"1206",2019-08-03 22:00:00,39,NA,236.8,1.9
"1207",2019-08-03 23:00:00,39,NA,318,2.9
"1208",2019-08-03 03:00:00,39,NA,167.5,1.2
"1209",2019-08-03 04:00:00,37,NA,171.5,1.6
"1210",2019-08-03 05:00:00,31,NA,180,1.2
"1211",2019-08-03 06:00:00,17,NA,85.1,1.2
"1212",2019-08-03 07:00:00,31,NA,120.6,1.4
"1213",2019-08-03 08:00:00,45,NA,181.3,1.3
"1214",2019-08-03 09:00:00,54,NA,252.6,1.2
"1215",2019-08-30 00:00:00,6,24,319.7,0.5
"1216",2019-08-30 01:00:00,11,17,236.3,0.5
"1217",2019-08-30 10:00:00,44,14,198.1,1.7
"1218",2019-08-30 11:00:00,60,8,207.6,2
"1219",2019-08-30 12:00:00,70,6,207.5,2.1
"1220",2019-08-30 13:00:00,73,5,183.9,2.9
"1221",2019-08-30 14:00:00,72,4,179,3.7
"1222",2019-08-30 15:00:00,67,5,174.6,3.9
"1223",2019-08-30 16:00:00,60,5,179,4.2
"1224",2019-08-30 17:00:00,54,5,175,4
"1225",2019-08-30 18:00:00,52,5,179.9,3.5
"1226",2019-08-30 19:00:00,50,6,183.8,3.1
"1227",2019-08-30 02:00:00,4,23,211.4,0.8
"1228",2019-08-30 20:00:00,44,9,187.1,2.5
"1229",2019-08-30 21:00:00,37,11,199.2,1.9
"1230",2019-08-30 22:00:00,36,9,195.3,1.6
"1231",2019-08-30 23:00:00,31,10,198.7,1.4
"1232",2019-08-30 03:00:00,3,22,208.7,0.4
"1233",2019-08-30 04:00:00,2,21,268.5,0.4
"1234",2019-08-30 05:00:00,2,20,336,0.7
"1235",2019-08-30 06:00:00,3,23,51.5,0.6
"1236",2019-08-30 07:00:00,12,25,191.9,1.4
"1237",2019-08-30 08:00:00,20,25,198.1,1.6
"1238",2019-08-30 09:00:00,31,21,189.6,1.3
"1239",2019-08-31 00:00:00,27,11,189.3,1.3
"1240",2019-08-31 01:00:00,22,13,183.8,1.5
"1241",2019-08-31 10:00:00,55,3,32.6,3.1
"1242",2019-08-31 11:00:00,63,3,28,3
"1243",2019-08-31 12:00:00,67,2,12.4,2.3
"1244",2019-08-31 13:00:00,68,2,6.3,2.1
"1245",2019-08-31 14:00:00,68,2,6.6,1.8
"1246",2019-08-31 15:00:00,70,2,7.4,2.3
"1247",2019-08-31 16:00:00,71,3,61.1,2.4
"1248",2019-08-31 17:00:00,69,4,57.2,2.5
"1249",2019-08-31 18:00:00,60,4,56.2,2.7
"1250",2019-08-31 19:00:00,52,6,45.5,2.3
"1251",2019-08-31 02:00:00,22,12,197.1,1.1
"1252",2019-08-31 20:00:00,45,6,28.5,2.4
"1253",2019-08-31 21:00:00,40,8,43.3,2.7
"1254",2019-08-31 22:00:00,40,6,26.5,2.9
"1255",2019-08-31 23:00:00,38,6,48.1,2.5
"1256",2019-08-31 03:00:00,15,15,188.1,0.7
"1257",2019-08-31 04:00:00,8,17,317.5,0.8
"1258",2019-08-31 05:00:00,8,17,10.4,0.8
"1259",2019-08-31 06:00:00,15,13,310.2,0.6
"1260",2019-08-31 07:00:00,31,6,13,2.6
"1261",2019-08-31 08:00:00,37,4,20.1,3.7
"1262",2019-08-31 09:00:00,45,4,28.4,3.5
"1263",2019-08-04 00:00:00,44,NA,356.6,2.1
"1264",2019-08-04 01:00:00,40,NA,226.5,1
"1265",2019-08-04 10:00:00,50,NA,322.6,4.3
"1266",2019-08-04 11:00:00,55,NA,321.8,4.7
"1267",2019-08-04 12:00:00,61,NA,318.5,4
"1268",2019-08-04 13:00:00,62,NA,315.8,3.6
"1269",2019-08-04 14:00:00,61,NA,310.3,4.1
"1270",2019-08-04 15:00:00,65,NA,291.5,3.2
"1271",2019-08-04 16:00:00,65,NA,304.5,3
"1272",2019-08-04 17:00:00,65,NA,310.3,3
"1273",2019-08-04 18:00:00,61,NA,314.9,3
"1274",2019-08-04 19:00:00,55,NA,322.2,2
"1275",2019-08-04 02:00:00,37,NA,221.7,0.6
"1276",2019-08-04 20:00:00,53,NA,77.3,1
"1277",2019-08-04 21:00:00,63,NA,122.8,1.2
"1278",2019-08-04 22:00:00,55,NA,142.8,0.9
"1279",2019-08-04 23:00:00,37,NA,302.4,0.8
"1280",2019-08-04 03:00:00,32,NA,338.4,1.3
"1281",2019-08-04 04:00:00,30,NA,325.1,1.7
"1282",2019-08-04 05:00:00,30,NA,317,1.8
"1283",2019-08-04 06:00:00,35,NA,310.6,2.5
"1284",2019-08-04 07:00:00,34,NA,312.9,3.3
"1285",2019-08-04 08:00:00,42,NA,324.8,3.6
"1286",2019-08-04 09:00:00,51,NA,324.8,2.8
"1287",2019-08-05 00:00:00,29,NA,23,0.7
"1288",2019-08-05 01:00:00,19,NA,319.8,1.5
"1289",2019-08-05 10:00:00,50,NA,19.9,2
"1290",2019-08-05 11:00:00,66,NA,40.5,2
"1291",2019-08-05 12:00:00,71,NA,32.5,2
"1292",2019-08-05 13:00:00,70,NA,118,2.4
"1293",2019-08-05 14:00:00,63,NA,157.7,2.9
"1294",2019-08-05 15:00:00,65,NA,138.3,3.2
"1295",2019-08-05 16:00:00,63,NA,153.3,2.6
"1296",2019-08-05 17:00:00,61,NA,154.8,2.5
"1297",2019-08-05 18:00:00,58,NA,164.5,2.9
"1298",2019-08-05 19:00:00,54,NA,185.4,1.9
"1299",2019-08-05 02:00:00,24,NA,315.5,2.1
"1300",2019-08-05 20:00:00,50,NA,197.7,2
"1301",2019-08-05 21:00:00,47,NA,197.2,1.6
"1302",2019-08-05 22:00:00,41,NA,208.7,1.7
"1303",2019-08-05 23:00:00,41,NA,241.5,0.8
"1304",2019-08-05 03:00:00,19,NA,19.5,1.3
"1305",2019-08-05 04:00:00,17,NA,62.9,0.9
"1306",2019-08-05 05:00:00,20,NA,20.7,1
"1307",2019-08-05 06:00:00,20,NA,20.4,2
"1308",2019-08-05 07:00:00,20,NA,22.2,2.4
"1309",2019-08-05 08:00:00,27,NA,59.8,2.6
"1310",2019-08-05 09:00:00,36,NA,21.8,2.4
"1311",2019-08-06 00:00:00,46,NA,263.4,1.6
"1312",2019-08-06 01:00:00,47,NA,203,1.2
"1313",2019-08-06 10:00:00,64,NA,180.9,1.9
"1314",2019-08-06 11:00:00,79,NA,184.5,2.5
"1315",2019-08-06 12:00:00,79,NA,175,2.5
"1316",2019-08-06 13:00:00,84,NA,190.5,3
"1317",2019-08-06 14:00:00,79,NA,167.5,3.6
"1318",2019-08-06 15:00:00,74,NA,187.8,3.3
"1319",2019-08-06 16:00:00,58,NA,175.2,4.2
"1320",2019-08-06 17:00:00,55,NA,178.1,4
"1321",2019-08-06 18:00:00,48,NA,180.4,3.8
"1322",2019-08-06 19:00:00,49,NA,19.1,3.7
"1323",2019-08-06 02:00:00,44,NA,241.6,1.3
"1324",2019-08-06 20:00:00,42,NA,95.8,1.5
"1325",2019-08-06 21:00:00,38,NA,111.9,1
"1326",2019-08-06 22:00:00,38,NA,151.2,2.1
"1327",2019-08-06 23:00:00,33,NA,174.7,3.4
"1328",2019-08-06 03:00:00,42,NA,253.3,0.9
"1329",2019-08-06 04:00:00,38,NA,195.9,1
"1330",2019-08-06 05:00:00,31,NA,185.7,1.2
"1331",2019-08-06 06:00:00,29,NA,199.9,1.4
"1332",2019-08-06 07:00:00,34,NA,221.5,0.9
"1333",2019-08-06 08:00:00,71,NA,190.5,1.6
"1334",2019-08-06 09:00:00,40,NA,165.6,1.8
"1335",2019-08-07 00:00:00,31,NA,186.7,3.1
"1336",2019-08-07 01:00:00,32,NA,192.7,2.9
"1337",2019-08-07 10:00:00,69,NA,185,2.5
"1338",2019-08-07 11:00:00,63,NA,184.8,3.6
"1339",2019-08-07 12:00:00,58,NA,175.8,4.7
"1340",2019-08-07 13:00:00,52,NA,178.3,5
"1341",2019-08-07 14:00:00,55,NA,303.6,7.9
"1342",2019-08-07 15:00:00,51,NA,322.4,5.5
"1343",2019-08-07 16:00:00,49,NA,317.2,1.2
"1344",2019-08-07 17:00:00,52,NA,297.1,1.3
"1345",2019-08-07 18:00:00,43,NA,114.8,1.8
"1346",2019-08-07 19:00:00,34,NA,125.7,1.4
"1347",2019-08-07 02:00:00,31,NA,198.5,2.9
"1348",2019-08-07 20:00:00,38,NA,173.5,1.8
"1349",2019-08-07 21:00:00,35,NA,194.7,2
"1350",2019-08-07 22:00:00,35,NA,204.6,1.9
"1351",2019-08-07 23:00:00,32,NA,233,1.4
"1352",2019-08-07 03:00:00,31,NA,197.7,2.7
"1353",2019-08-07 04:00:00,31,NA,201.3,2.4
"1354",2019-08-07 05:00:00,29,NA,202.1,2.3
"1355",2019-08-07 06:00:00,27,NA,205.2,2.2
"1356",2019-08-07 07:00:00,30,NA,262.9,1.8
"1357",2019-08-07 08:00:00,42,NA,270.3,1.7
"1358",2019-08-07 09:00:00,56,NA,181,1.9
"1359",2019-08-08 00:00:00,33,NA,227.9,1.2
"1360",2019-08-08 01:00:00,32,NA,214.8,1.2
"1361",2019-08-08 10:00:00,58,NA,292.3,4.5
"1362",2019-08-08 11:00:00,57,NA,288.4,4.2
"1363",2019-08-08 12:00:00,58,NA,295,4.1
"1364",2019-08-08 13:00:00,60,NA,298.6,3.4
"1365",2019-08-08 14:00:00,57,NA,279.4,2.9
"1366",2019-08-08 15:00:00,58,NA,254.6,2.7
"1367",2019-08-08 16:00:00,56,NA,257.3,2.5
"1368",2019-08-08 17:00:00,52,NA,267.6,2.7
"1369",2019-08-08 18:00:00,47,NA,269,2.9
"1370",2019-08-08 19:00:00,46,NA,285.7,3.2
"1371",2019-08-08 02:00:00,34,NA,260.5,1.3
"1372",2019-08-08 20:00:00,43,NA,278.9,1.9
"1373",2019-08-08 21:00:00,41,NA,267,2.4
"1374",2019-08-08 22:00:00,38,NA,265.4,1.8
"1375",2019-08-08 23:00:00,38,NA,263.9,1.6
"1376",2019-08-08 03:00:00,30,NA,288.9,1.4
"1377",2019-08-08 04:00:00,28,NA,279.3,0.8
"1378",2019-08-08 05:00:00,31,NA,246.2,1.1
"1379",2019-08-08 06:00:00,23,NA,209.6,1.2
"1380",2019-08-08 07:00:00,36,NA,279,1.9
"1381",2019-08-08 08:00:00,46,NA,295.5,3.3
"1382",2019-08-08 09:00:00,53,NA,303.7,4.8
"1383",2019-08-09 00:00:00,39,NA,289.1,2.5
"1384",2019-08-09 01:00:00,39,NA,297.4,3.6
"1385",2019-08-09 10:00:00,53,NA,296.3,4.7
"1386",2019-08-09 11:00:00,56,NA,299.8,4.3
"1387",2019-08-09 12:00:00,58,NA,289.9,3.8
"1388",2019-08-09 13:00:00,57,NA,313.4,4.6
"1389",2019-08-09 14:00:00,54,NA,309.9,4.5
"1390",2019-08-09 15:00:00,51,NA,305.5,6.6
"1391",2019-08-09 16:00:00,51,NA,309,5.8
"1392",2019-08-09 17:00:00,52,NA,306.2,4.9
"1393",2019-08-09 18:00:00,51,NA,310.5,3.9
"1394",2019-08-09 19:00:00,50,NA,326.2,4.1
"1395",2019-08-09 02:00:00,40,NA,302.1,4
"1396",2019-08-09 20:00:00,51,NA,321.9,3.7
"1397",2019-08-09 21:00:00,50,NA,312,4.4
"1398",2019-08-09 22:00:00,51,NA,315.2,4.4
"1399",2019-08-09 23:00:00,50,NA,314.4,4.6
"1400",2019-08-09 03:00:00,41,NA,313.3,3.7
"1401",2019-08-09 04:00:00,40,NA,327.7,2.9
"1402",2019-08-09 05:00:00,36,NA,327.7,2.5
"1403",2019-08-09 06:00:00,34,NA,329,2.6
"1404",2019-08-09 07:00:00,38,NA,323.2,3
"1405",2019-08-09 08:00:00,46,NA,309.4,5
"1406",2019-08-09 09:00:00,50,NA,307.1,4.7
"1407",2019-07-27 14:00:00,NA,NA,0,NA
"1408",2019-08-18 13:00:00,NA,NA,144.5,4.6
"1409",2019-08-18 14:00:00,NA,NA,146.2,3.8
"1410",2019-08-18 15:00:00,NA,NA,165.7,3.4
"1411",2019-08-18 16:00:00,NA,NA,164.7,2.9
"1412",2019-08-18 17:00:00,NA,NA,155.4,3.5
"1413",2019-08-18 18:00:00,NA,NA,168.8,2.6
"1414",2019-08-18 19:00:00,NA,NA,157.3,2.1
"1415",2019-08-18 20:00:00,NA,NA,194.6,3.3
"1416",2019-08-18 21:00:00,NA,NA,22.1,2.8
"1417",2019-08-18 22:00:00,NA,NA,114.9,1.2
"1418",2019-08-18 23:00:00,NA,NA,44.6,0.8
"1419",2019-08-19 00:00:00,NA,NA,329.1,1.6
"1420",2019-08-19 01:00:00,NA,NA,80.3,0.8
"1421",2019-08-19 02:00:00,NA,NA,92,0.8
"1422",2019-08-19 03:00:00,NA,NA,167,1.6
"1423",2019-08-19 04:00:00,NA,NA,190.7,1.3
"1424",2019-08-19 05:00:00,NA,NA,166.9,1.5
"1425",2019-08-20 13:00:00,NA,NA,128.9,2.4
"1426",2019-08-20 14:00:00,NA,NA,117.3,3.1
"1427",2019-08-20 15:00:00,NA,NA,76.3,5
"1428",2019-08-20 16:00:00,NA,NA,126.2,8.1
"1429",2019-08-20 17:00:00,NA,NA,319.5,3.1
"1430",2019-08-20 18:00:00,NA,NA,250.4,2.5
"1431",2019-08-20 19:00:00,NA,NA,213.3,2.2
"1432",2019-08-20 20:00:00,NA,NA,179.5,1.9
"1433",2019-08-20 21:00:00,NA,NA,222.3,1.2
"1434",2019-08-20 22:00:00,NA,NA,163.1,2.5
"1435",2019-08-20 23:00:00,NA,NA,186.8,1.8
"1436",2019-08-21 00:00:00,NA,NA,200.3,1.2
"1437",2019-08-21 01:00:00,NA,NA,275.6,1.5
"1438",2019-08-21 02:00:00,NA,NA,206.9,1.9
"1439",2019-08-21 03:00:00,NA,NA,211.3,1.7
"1440",2019-08-21 04:00:00,NA,NA,200.9,2.5
"1441",2019-08-21 05:00:00,NA,NA,204.9,2.8
